{
  "constraints": {
    "G_max": 0.3,
    "S_max": 0.3
  },
  "dataset": "synthetic_cohort",
  "generator": {
    "n_students": 600,
    "opportunities_per_skill": 10,
    "seed": 20260717
  },
  "ground_truth_generator_params": {
    "chain_rule": {
      "G": 0.22,
      "L0": 0.15,
      "S": 0.15,
      "T": 0.18
    },
    "continuity": {
      "G": 0.25,
      "L0": 0.25,
      "S": 0.08,
      "T": 0.15
    },
    "derivatives": {
      "G": 0.15,
      "L0": 0.2,
      "S": 0.12,
      "T": 0.25
    },
    "integrals": {
      "G": 0.18,
      "L0": 0.1,
      "S": 0.1,
      "T": 0.22
    },
    "limits": {
      "G": 0.2,
      "L0": 0.3,
      "S": 0.1,
      "T": 0.2
    }
  },
  "log_likelihood": {
    "chain_rule": -3459.3366540206416,
    "continuity": -3153.572375730593,
    "derivatives": -3038.1859298558875,
    "integrals": -3094.281917352163,
    "limits": -3106.140013652268
  },
  "note": "SYNTHETIC data. Parameters were fit via EM from a cohort generated by the BKT process itself. No real students were used. Ground-truth params are included only to show recovery quality.",
  "skills": {
    "chain_rule": {
      "G": 0.21210840598539488,
      "L0": 0.17132001843587144,
      "S": 0.15355190091301005,
      "T": 0.17069244814862283
    },
    "continuity": {
      "G": 0.26572453528212653,
      "L0": 0.26340990754828736,
      "S": 0.08248460215553104,
      "T": 0.14480052859889206
    },
    "derivatives": {
      "G": 0.12536992770083735,
      "L0": 0.21023774464628475,
      "S": 0.12522846565885595,
      "T": 0.25272611889513685
    },
    "integrals": {
      "G": 0.19572667796312088,
      "L0": 0.11064297659858013,
      "S": 0.1022307406279128,
      "T": 0.21845037844107626
    },
    "limits": {
      "G": 0.20514633270467866,
      "L0": 0.28008348426000124,
      "S": 0.10541395700154824,
      "T": 0.18401575566267597
    }
  }
}